"id","titre","description","service","date"
"1","Problème de logiciel","logiciel ne fonctionne pas","Service clientale","2022-08-09"
"2","Problème de téléphone","téléphone ne fonctionne pas","Service clientale","2022-08-09"
"3","Problème de connexion","connexion ne fonctionne pas","Service clientale","2020-03-14"
"4","Problème de connexion","connexion ne fonctionne pas","Service informatique","2023-01-31"
"5","Problème de téléphone","téléphone ne fonctionne pas","Service informatique","2022-08-09"
"6","Problème de sécurité","sécurité ne fonctionne pas","Service clientale","2019-12-21"
"7","Problème de climatisation","climatisation ne fonctionne pas","Service informatique","2019-12-21"
"8","Problème de téléphone","téléphone ne fonctionne pas","Service technique","2020-11-11"
"9","Problème de logiciel","logiciel ne fonctionne pas","Service clientale","2023-01-31"
"10","Problème de livraison","livraison ne fonctionne pas","Service logistique","2021-05-01"
"11","Problème de logiciel","logiciel ne fonctionne pas","Service clientale","2023-01-31"
"12","Problème de climatisation","climatisation ne fonctionne pas","Service clientale","2020-03-14"
"13","Problème de climatisation","climatisation ne fonctionne pas","Service logistique","2020-03-14"
"14","Problème de connexion","connexion ne fonctionne pas","Service technique","2022-08-09"
"15","Problème de climatisation","climatisation ne fonctionne pas","Service clientale","2020-03-14"
"16","Problème de sécurité","sécurité ne fonctionne pas","Service informatique","2023-01-31"
"17","Problème de logiciel","logiciel ne fonctionne pas","Service clientale","2023-01-31"
"18","Problème de connexion","connexion ne fonctionne pas","Service informatique","2020-03-14"
"19","Problème de logiciel","logiciel ne fonctionne pas","Service technique","2022-08-09"
"20","Problème de sécurité","sécurité ne fonctionne pas","Service logistique","2022-08-09"
"21","Problème de connexion","connexion ne fonctionne pas","Service logistique","2020-03-14"
"22","Problème de logiciel","logiciel ne fonctionne pas","Service clientale","2020-03-14"
"23","Problème de sécurité","sécurité ne fonctionne pas","Service technique","2021-05-01"
"24","Problème de climatisation","climatisation ne fonctionne pas","Service technique","2021-05-01"
"25","Problème de climatisation","climatisation ne fonctionne pas","Service logistique","2020-03-14"
"26","Problème de sécurité","sécurité ne fonctionne pas","Service logistique","2020-03-14"
"27","Problème de climatisation","climatisation ne fonctionne pas","Service technique","2023-01-31"
"28","Problème de climatisation","climatisation ne fonctionne pas","Service technique","2020-03-14"
"29","Problème de connexion","connexion ne fonctionne pas","Service informatique","2020-03-14"
"30","Problème de sécurité","sécurité ne fonctionne pas","Service clientale","2023-01-31"
"31","Problème de sécurité","sécurité ne fonctionne pas","Service logistique","2020-03-14"
"32","Problème de livraison","livraison ne fonctionne pas","Service logistique","2022-08-09"
"33","Problème de climatisation","climatisation ne fonctionne pas","Service clientale","2020-11-11"
"34","Problème de livraison","livraison ne fonctionne pas","Service informatique","2021-05-01"
"35","Problème de climatisation","climatisation ne fonctionne pas","Service informatique","2020-03-14"
"36","Problème de sécurité","sécurité ne fonctionne pas","Service clientale","2019-12-21"
"37","Problème de sécurité","sécurité ne fonctionne pas","Service clientale","2021-05-01"
"38","Problème de climatisation","climatisation ne fonctionne pas","Service informatique","2021-05-01"
"39","Problème de sécurité","sécurité ne fonctionne pas","Service technique","2021-05-01"
"40","Problème de climatisation","climatisation ne fonctionne pas","Service technique","2022-08-09"
"41","Problème de logiciel","logiciel ne fonctionne pas","Service technique","2020-03-14"
"42","Problème de sécurité","sécurité ne fonctionne pas","Service technique","2020-03-14"
"43","Problème de connexion","connexion ne fonctionne pas","Service clientale","2020-03-14"
"44","Problème de livraison","livraison ne fonctionne pas","Service logistique","2020-03-14"
"45","Problème de sécurité","sécurité ne fonctionne pas","Service informatique","2020-03-14"
"46","Problème de livraison","livraison ne fonctionne pas","Service informatique","2019-12-21"
"47","Problème de logiciel","logiciel ne fonctionne pas","Service informatique","2020-03-14"
"48","Problème de livraison","livraison ne fonctionne pas","Service logistique","2019-12-21"
"49","Problème de téléphone","téléphone ne fonctionne pas","Service technique","2020-11-11"
"50","Problème de climatisation","climatisation ne fonctionne pas","Service informatique","2023-01-31"
"51","Problème de livraison","livraison ne fonctionne pas","Service logistique","2022-08-09"
"52","Problème de téléphone","téléphone ne fonctionne pas","Service clientale","2021-05-01"
"53","Problème de climatisation","climatisation ne fonctionne pas","Service informatique","2023-01-31"
"54","Problème de livraison","livraison ne fonctionne pas","Service technique","2022-08-09"
"55","Problème de connexion","connexion ne fonctionne pas","Service informatique","2020-11-11"
"56","Problème de climatisation","climatisation ne fonctionne pas","Service informatique","2022-08-09"
"57","Problème de sécurité","sécurité ne fonctionne pas","Service technique","2020-03-14"
"58","Problème de livraison","livraison ne fonctionne pas","Service informatique","2020-11-11"
"59","Problème de climatisation","climatisation ne fonctionne pas","Service clientale","2021-05-01"
"60","Problème de sécurité","sécurité ne fonctionne pas","Service clientale","2023-01-31"
"61","Problème de sécurité","sécurité ne fonctionne pas","Service clientale","2022-08-09"
"62","Problème de téléphone","téléphone ne fonctionne pas","Service technique","2023-01-31"
"63","Problème de sécurité","sécurité ne fonctionne pas","Service logistique","2021-05-01"
"64","Problème de téléphone","téléphone ne fonctionne pas","Service informatique","2019-12-21"
"65","Problème de logiciel","logiciel ne fonctionne pas","Service informatique","2020-11-11"
"66","Problème de logiciel","logiciel ne fonctionne pas","Service logistique","2020-11-11"
"67","Problème de sécurité","sécurité ne fonctionne pas","Service logistique","2020-11-11"
"68","Problème de logiciel","logiciel ne fonctionne pas","Service technique","2022-08-09"
"69","Problème de téléphone","téléphone ne fonctionne pas","Service informatique","2020-03-14"
"70","Problème de logiciel","logiciel ne fonctionne pas","Service clientale","2020-11-11"
"71","Problème de climatisation","climatisation ne fonctionne pas","Service informatique","2019-12-21"
"72","Problème de logiciel","logiciel ne fonctionne pas","Service informatique","2023-01-31"
"73","Problème de connexion","connexion ne fonctionne pas","Service technique","2021-05-01"
"74","Problème de téléphone","téléphone ne fonctionne pas","Service technique","2023-01-31"
"75","Problème de connexion","connexion ne fonctionne pas","Service logistique","2020-11-11"
"76","Problème de logiciel","logiciel ne fonctionne pas","Service informatique","2019-12-21"
"77","Problème de téléphone","téléphone ne fonctionne pas","Service technique","2021-05-01"
"78","Problème de logiciel","logiciel ne fonctionne pas","Service clientale","2019-12-21"
"79","Problème de sécurité","sécurité ne fonctionne pas","Service clientale","2020-11-11"
"80","Problème de climatisation","climatisation ne fonctionne pas","Service informatique","2020-03-14"
"81","Problème de sécurité","sécurité ne fonctionne pas","Service informatique","2021-05-01"
"82","Problème de logiciel","logiciel ne fonctionne pas","Service clientale","2022-08-09"
"83","Problème de téléphone","téléphone ne fonctionne pas","Service logistique","2023-01-31"
"84","Problème de logiciel","logiciel ne fonctionne pas","Service clientale","2021-05-01"
"85","Problème de livraison","livraison ne fonctionne pas","Service informatique","2019-12-21"
"86","Problème de logiciel","logiciel ne fonctionne pas","Service logistique","2020-11-11"
"87","Problème de téléphone","téléphone ne fonctionne pas","Service clientale","2023-01-31"
"88","Problème de livraison","livraison ne fonctionne pas","Service logistique","2019-12-21"
"89","Problème de connexion","connexion ne fonctionne pas","Service technique","2020-03-14"
"90","Problème de connexion","connexion ne fonctionne pas","Service logistique","2021-05-01"
"91","Problème de logiciel","logiciel ne fonctionne pas","Service informatique","2020-03-14"
"92","Problème de livraison","livraison ne fonctionne pas","Service logistique","2022-08-09"
"93","Problème de livraison","livraison ne fonctionne pas","Service clientale","2022-08-09"
"94","Problème de téléphone","téléphone ne fonctionne pas","Service informatique","2019-12-21"
"95","Problème de livraison","livraison ne fonctionne pas","Service informatique","2023-01-31"
"96","Problème de climatisation","climatisation ne fonctionne pas","Service logistique","2021-05-01"
"97","Problème de sécurité","sécurité ne fonctionne pas","Service technique","2023-01-31"
"98","Problème de climatisation","climatisation ne fonctionne pas","Service logistique","2022-08-09"
"99","Problème de téléphone","téléphone ne fonctionne pas","Service technique","2020-03-14"
"100","Problème de climatisation","climatisation ne fonctionne pas","Service logistique","2021-05-01"
"101","Problème de livraison","livraison ne fonctionne pas","Service logistique","2022-08-09"
"102","Problème de sécurité","sécurité ne fonctionne pas","Service clientale","2019-12-21"
"103","Problème de téléphone","téléphone ne fonctionne pas","Service technique","2021-05-01"
"104","Problème de sécurité","sécurité ne fonctionne pas","Service clientale","2021-05-01"
"105","Problème de livraison","livraison ne fonctionne pas","Service clientale","2022-08-09"
"106","Problème de sécurité","sécurité ne fonctionne pas","Service clientale","2020-03-14"
"107","Problème de connexion","connexion ne fonctionne pas","Service logistique","2019-12-21"
"108","Problème de livraison","livraison ne fonctionne pas","Service logistique","2019-12-21"
"109","Problème de logiciel","logiciel ne fonctionne pas","Service technique","2022-08-09"
"110","Problème de logiciel","logiciel ne fonctionne pas","Service clientale","2023-01-31"
"111","Problème de téléphone","téléphone ne fonctionne pas","Service clientale","2022-08-09"
"112","Problème de climatisation","climatisation ne fonctionne pas","Service clientale","2023-01-31"
"113","Problème de climatisation","climatisation ne fonctionne pas","Service clientale","2019-12-21"
"114","Problème de connexion","connexion ne fonctionne pas","Service informatique","2020-11-11"
"115","Problème de climatisation","climatisation ne fonctionne pas","Service informatique","2020-11-11"
"116","Problème de logiciel","logiciel ne fonctionne pas","Service informatique","2020-11-11"
"117","Problème de logiciel","logiciel ne fonctionne pas","Service clientale","2021-05-01"
"118","Problème de connexion","connexion ne fonctionne pas","Service technique","2020-11-11"
"119","Problème de sécurité","sécurité ne fonctionne pas","Service technique","2020-03-14"
"120","Problème de connexion","connexion ne fonctionne pas","Service technique","2023-01-31"
"121","Problème de connexion","connexion ne fonctionne pas","Service logistique","2023-01-31"
"122","Problème de logiciel","logiciel ne fonctionne pas","Service clientale","2020-11-11"
"123","Problème de climatisation","climatisation ne fonctionne pas","Service informatique","2020-11-11"
"124","Problème de livraison","livraison ne fonctionne pas","Service logistique","2020-03-14"
"125","Problème de connexion","connexion ne fonctionne pas","Service technique","2021-05-01"
"126","Problème de climatisation","climatisation ne fonctionne pas","Service clientale","2020-03-14"
"127","Problème de livraison","livraison ne fonctionne pas","Service clientale","2021-05-01"
"128","Problème de connexion","connexion ne fonctionne pas","Service informatique","2023-01-31"
"129","Problème de livraison","livraison ne fonctionne pas","Service logistique","2020-03-14"
"130","Problème de climatisation","climatisation ne fonctionne pas","Service logistique","2021-05-01"
"131","Problème de livraison","livraison ne fonctionne pas","Service informatique","2023-01-31"
"132","Problème de climatisation","climatisation ne fonctionne pas","Service logistique","2022-08-09"
"133","Problème de connexion","connexion ne fonctionne pas","Service technique","2019-12-21"
"134","Problème de connexion","connexion ne fonctionne pas","Service clientale","2021-05-01"
"135","Problème de livraison","livraison ne fonctionne pas","Service clientale","2023-01-31"
"136","Problème de logiciel","logiciel ne fonctionne pas","Service logistique","2023-01-31"
"137","Problème de logiciel","logiciel ne fonctionne pas","Service logistique","2020-03-14"
"138","Problème de livraison","livraison ne fonctionne pas","Service logistique","2021-05-01"
"139","Problème de sécurité","sécurité ne fonctionne pas","Service clientale","2020-03-14"
"140","Problème de téléphone","téléphone ne fonctionne pas","Service logistique","2020-11-11"
"141","Problème de connexion","connexion ne fonctionne pas","Service informatique","2020-03-14"
"142","Problème de logiciel","logiciel ne fonctionne pas","Service logistique","2021-05-01"
"143","Problème de sécurité","sécurité ne fonctionne pas","Service technique","2021-05-01"
"144","Problème de climatisation","climatisation ne fonctionne pas","Service informatique","2020-11-11"
"145","Problème de sécurité","sécurité ne fonctionne pas","Service logistique","2020-11-11"
"146","Problème de climatisation","climatisation ne fonctionne pas","Service informatique","2022-08-09"
"147","Problème de téléphone","téléphone ne fonctionne pas","Service informatique","2022-08-09"
"148","Problème de sécurité","sécurité ne fonctionne pas","Service informatique","2021-05-01"
"149","Problème de livraison","livraison ne fonctionne pas","Service clientale","2021-05-01"
"150","Problème de téléphone","téléphone ne fonctionne pas","Service informatique","2020-11-11"
"151","Problème de connexion","connexion ne fonctionne pas","Service informatique","2021-05-01"
"152","Problème de climatisation","climatisation ne fonctionne pas","Service logistique","2019-12-21"
"153","Problème de logiciel","logiciel ne fonctionne pas","Service technique","2020-11-11"
"154","Problème de livraison","livraison ne fonctionne pas","Service informatique","2022-08-09"
"155","Problème de climatisation","climatisation ne fonctionne pas","Service informatique","2020-03-14"
"156","Problème de sécurité","sécurité ne fonctionne pas","Service technique","2023-01-31"
"157","Problème de connexion","connexion ne fonctionne pas","Service technique","2021-05-01"
"158","Problème de climatisation","climatisation ne fonctionne pas","Service technique","2021-05-01"
"159","Problème de livraison","livraison ne fonctionne pas","Service clientale","2020-11-11"
"160","Problème de climatisation","climatisation ne fonctionne pas","Service logistique","2019-12-21"
"161","Problème de logiciel","logiciel ne fonctionne pas","Service logistique","2023-01-31"
"162","Problème de livraison","livraison ne fonctionne pas","Service technique","2019-12-21"
"163","Problème de logiciel","logiciel ne fonctionne pas","Service informatique","2019-12-21"
"164","Problème de logiciel","logiciel ne fonctionne pas","Service logistique","2019-12-21"
"165","Problème de connexion","connexion ne fonctionne pas","Service logistique","2021-05-01"
"166","Problème de climatisation","climatisation ne fonctionne pas","Service technique","2019-12-21"
"167","Problème de livraison","livraison ne fonctionne pas","Service technique","2023-01-31"
"168","Problème de sécurité","sécurité ne fonctionne pas","Service clientale","2021-05-01"
"169","Problème de sécurité","sécurité ne fonctionne pas","Service informatique","2020-03-14"
"170","Problème de sécurité","sécurité ne fonctionne pas","Service technique","2023-01-31"
"171","Problème de connexion","connexion ne fonctionne pas","Service informatique","2023-01-31"
"172","Problème de climatisation","climatisation ne fonctionne pas","Service informatique","2023-01-31"
"173","Problème de téléphone","téléphone ne fonctionne pas","Service technique","2020-11-11"
"174","Problème de climatisation","climatisation ne fonctionne pas","Service clientale","2022-08-09"
"175","Problème de livraison","livraison ne fonctionne pas","Service technique","2023-01-31"
"176","Problème de livraison","livraison ne fonctionne pas","Service technique","2023-01-31"
"177","Problème de logiciel","logiciel ne fonctionne pas","Service logistique","2022-08-09"
"178","Problème de connexion","connexion ne fonctionne pas","Service technique","2020-03-14"
"179","Problème de connexion","connexion ne fonctionne pas","Service logistique","2019-12-21"
"180","Problème de livraison","livraison ne fonctionne pas","Service informatique","2022-08-09"
"181","Problème de connexion","connexion ne fonctionne pas","Service informatique","2022-08-09"
"182","Problème de sécurité","sécurité ne fonctionne pas","Service clientale","2020-03-14"
"183","Problème de sécurité","sécurité ne fonctionne pas","Service clientale","2023-01-31"
"184","Problème de téléphone","téléphone ne fonctionne pas","Service informatique","2020-03-14"
"185","Problème de livraison","livraison ne fonctionne pas","Service clientale","2020-03-14"
"186","Problème de téléphone","téléphone ne fonctionne pas","Service clientale","2019-12-21"
"187","Problème de climatisation","climatisation ne fonctionne pas","Service logistique","2023-01-31"
"188","Problème de téléphone","téléphone ne fonctionne pas","Service logistique","2019-12-21"
"189","Problème de logiciel","logiciel ne fonctionne pas","Service technique","2019-12-21"
"190","Problème de climatisation","climatisation ne fonctionne pas","Service clientale","2023-01-31"
"191","Problème de climatisation","climatisation ne fonctionne pas","Service logistique","2023-01-31"
"192","Problème de livraison","livraison ne fonctionne pas","Service logistique","2020-11-11"
"193","Problème de téléphone","téléphone ne fonctionne pas","Service technique","2020-11-11"
"194","Problème de téléphone","téléphone ne fonctionne pas","Service technique","2019-12-21"
"195","Problème de téléphone","téléphone ne fonctionne pas","Service clientale","2022-08-09"
"196","Problème de livraison","livraison ne fonctionne pas","Service logistique","2022-08-09"
"197","Problème de livraison","livraison ne fonctionne pas","Service informatique","2020-03-14"
"198","Problème de logiciel","logiciel ne fonctionne pas","Service clientale","2023-01-31"
"199","Problème de climatisation","climatisation ne fonctionne pas","Service logistique","2020-11-11"
"200","Problème de connexion","connexion ne fonctionne pas","Service clientale","2020-03-14"
"201","Problème de connexion","connexion ne fonctionne pas","Service informatique","2019-12-21"
"202","Problème de connexion","connexion ne fonctionne pas","Service logistique","2023-01-31"
"203","Problème de climatisation","climatisation ne fonctionne pas","Service informatique","2023-01-31"
"204","Problème de climatisation","climatisation ne fonctionne pas","Service clientale","2020-11-11"
"205","Problème de logiciel","logiciel ne fonctionne pas","Service clientale","2020-11-11"
"206","Problème de sécurité","sécurité ne fonctionne pas","Service logistique","2020-03-14"
"207","Problème de sécurité","sécurité ne fonctionne pas","Service informatique","2022-08-09"
"208","Problème de logiciel","logiciel ne fonctionne pas","Service logistique","2022-08-09"
"209","Problème de téléphone","téléphone ne fonctionne pas","Service clientale","2022-08-09"
"210","Problème de climatisation","climatisation ne fonctionne pas","Service logistique","2023-01-31"
"211","Problème de logiciel","logiciel ne fonctionne pas","Service informatique","2020-11-11"
"212","Problème de téléphone","téléphone ne fonctionne pas","Service informatique","2023-01-31"
"213","Problème de logiciel","logiciel ne fonctionne pas","Service logistique","2022-08-09"
"214","Problème de sécurité","sécurité ne fonctionne pas","Service informatique","2021-05-01"
"215","Problème de téléphone","téléphone ne fonctionne pas","Service technique","2020-03-14"
"216","Problème de téléphone","téléphone ne fonctionne pas","Service logistique","2023-01-31"
"217","Problème de climatisation","climatisation ne fonctionne pas","Service informatique","2023-01-31"
"218","Problème de téléphone","téléphone ne fonctionne pas","Service clientale","2023-01-31"
"219","Problème de livraison","livraison ne fonctionne pas","Service logistique","2019-12-21"
"220","Problème de sécurité","sécurité ne fonctionne pas","Service technique","2020-11-11"
"221","Problème de sécurité","sécurité ne fonctionne pas","Service clientale","2020-11-11"
"222","Problème de connexion","connexion ne fonctionne pas","Service logistique","2020-03-14"
"223","Problème de logiciel","logiciel ne fonctionne pas","Service logistique","2020-11-11"
"224","Problème de climatisation","climatisation ne fonctionne pas","Service clientale","2021-05-01"
"225","Problème de sécurité","sécurité ne fonctionne pas","Service clientale","2019-12-21"
"226","Problème de connexion","connexion ne fonctionne pas","Service informatique","2022-08-09"
"227","Problème de téléphone","téléphone ne fonctionne pas","Service technique","2023-01-31"
"228","Problème de climatisation","climatisation ne fonctionne pas","Service clientale","2023-01-31"
"229","Problème de climatisation","climatisation ne fonctionne pas","Service technique","2021-05-01"
"230","Problème de sécurité","sécurité ne fonctionne pas","Service technique","2023-01-31"
"231","Problème de logiciel","logiciel ne fonctionne pas","Service informatique","2020-03-14"
"232","Problème de climatisation","climatisation ne fonctionne pas","Service logistique","2022-08-09"
"233","Problème de logiciel","logiciel ne fonctionne pas","Service clientale","2020-03-14"
"234","Problème de climatisation","climatisation ne fonctionne pas","Service technique","2022-08-09"
"235","Problème de climatisation","climatisation ne fonctionne pas","Service technique","2022-08-09"
"236","Problème de connexion","connexion ne fonctionne pas","Service logistique","2020-11-11"
"237","Problème de sécurité","sécurité ne fonctionne pas","Service logistique","2019-12-21"
"238","Problème de téléphone","téléphone ne fonctionne pas","Service technique","2023-01-31"
"239","Problème de livraison","livraison ne fonctionne pas","Service informatique","2021-05-01"
"240","Problème de logiciel","logiciel ne fonctionne pas","Service clientale","2020-11-11"
"241","Problème de téléphone","téléphone ne fonctionne pas","Service clientale","2019-12-21"
"242","Problème de climatisation","climatisation ne fonctionne pas","Service logistique","2020-03-14"
"243","Problème de livraison","livraison ne fonctionne pas","Service logistique","2021-05-01"
"244","Problème de livraison","livraison ne fonctionne pas","Service informatique","2020-11-11"
"245","Problème de téléphone","téléphone ne fonctionne pas","Service clientale","2019-12-21"
"246","Problème de sécurité","sécurité ne fonctionne pas","Service technique","2023-01-31"
"247","Problème de téléphone","téléphone ne fonctionne pas","Service informatique","2022-08-09"
"248","Problème de climatisation","climatisation ne fonctionne pas","Service technique","2019-12-21"
"249","Problème de téléphone","téléphone ne fonctionne pas","Service logistique","2020-11-11"
"250","Problème de connexion","connexion ne fonctionne pas","Service logistique","2021-05-01"
"251","Problème de sécurité","sécurité ne fonctionne pas","Service clientale","2020-03-14"
"252","Problème de téléphone","téléphone ne fonctionne pas","Service clientale","2021-05-01"
"253","Problème de téléphone","téléphone ne fonctionne pas","Service technique","2023-01-31"
"254","Problème de connexion","connexion ne fonctionne pas","Service technique","2020-03-14"
"255","Problème de téléphone","téléphone ne fonctionne pas","Service clientale","2020-03-14"
"256","Problème de téléphone","téléphone ne fonctionne pas","Service clientale","2021-05-01"
"257","Problème de livraison","livraison ne fonctionne pas","Service technique","2022-08-09"
"258","Problème de téléphone","téléphone ne fonctionne pas","Service technique","2022-08-09"
"259","Problème de climatisation","climatisation ne fonctionne pas","Service clientale","2021-05-01"
"260","Problème de connexion","connexion ne fonctionne pas","Service technique","2020-11-11"
"261","Problème de téléphone","téléphone ne fonctionne pas","Service clientale","2020-11-11"
"262","Problème de téléphone","téléphone ne fonctionne pas","Service logistique","2020-03-14"
"263","Problème de connexion","connexion ne fonctionne pas","Service logistique","2019-12-21"
"264","Problème de sécurité","sécurité ne fonctionne pas","Service clientale","2020-03-14"
"265","Problème de climatisation","climatisation ne fonctionne pas","Service clientale","2023-01-31"
"266","Problème de climatisation","climatisation ne fonctionne pas","Service clientale","2020-11-11"
"267","Problème de logiciel","logiciel ne fonctionne pas","Service clientale","2022-08-09"
"268","Problème de connexion","connexion ne fonctionne pas","Service informatique","2019-12-21"
"269","Problème de téléphone","téléphone ne fonctionne pas","Service clientale","2023-01-31"
"270","Problème de téléphone","téléphone ne fonctionne pas","Service technique","2020-03-14"
"271","Problème de sécurité","sécurité ne fonctionne pas","Service clientale","2023-01-31"
"272","Problème de climatisation","climatisation ne fonctionne pas","Service clientale","2021-05-01"
"273","Problème de sécurité","sécurité ne fonctionne pas","Service clientale","2023-01-31"
"274","Problème de livraison","livraison ne fonctionne pas","Service logistique","2020-03-14"
"275","Problème de téléphone","téléphone ne fonctionne pas","Service technique","2020-03-14"
"276","Problème de sécurité","sécurité ne fonctionne pas","Service logistique","2022-08-09"
"277","Problème de logiciel","logiciel ne fonctionne pas","Service clientale","2023-01-31"
"278","Problème de sécurité","sécurité ne fonctionne pas","Service informatique","2022-08-09"
"279","Problème de téléphone","téléphone ne fonctionne pas","Service technique","2022-08-09"
"280","Problème de connexion","connexion ne fonctionne pas","Service clientale","2023-01-31"
"281","Problème de logiciel","logiciel ne fonctionne pas","Service logistique","2022-08-09"
"282","Problème de connexion","connexion ne fonctionne pas","Service logistique","2020-11-11"
"283","Problème de logiciel","logiciel ne fonctionne pas","Service clientale","2022-08-09"
"284","Problème de climatisation","climatisation ne fonctionne pas","Service technique","2022-08-09"
"285","Problème de climatisation","climatisation ne fonctionne pas","Service logistique","2020-11-11"
"286","Problème de climatisation","climatisation ne fonctionne pas","Service logistique","2021-05-01"
"287","Problème de livraison","livraison ne fonctionne pas","Service clientale","2020-03-14"
"288","Problème de livraison","livraison ne fonctionne pas","Service logistique","2021-05-01"
"289","Problème de connexion","connexion ne fonctionne pas","Service informatique","2020-11-11"
"290","Problème de livraison","livraison ne fonctionne pas","Service technique","2020-11-11"
"291","Problème de logiciel","logiciel ne fonctionne pas","Service informatique","2022-08-09"
"292","Problème de sécurité","sécurité ne fonctionne pas","Service technique","2021-05-01"
"293","Problème de connexion","connexion ne fonctionne pas","Service technique","2022-08-09"
"294","Problème de climatisation","climatisation ne fonctionne pas","Service logistique","2021-05-01"
"295","Problème de connexion","connexion ne fonctionne pas","Service technique","2023-01-31"
"296","Problème de livraison","livraison ne fonctionne pas","Service clientale","2021-05-01"
"297","Problème de connexion","connexion ne fonctionne pas","Service informatique","2022-08-09"
"298","Problème de sécurité","sécurité ne fonctionne pas","Service logistique","2019-12-21"
"299","Problème de livraison","livraison ne fonctionne pas","Service clientale","2022-08-09"
"300","Problème de climatisation","climatisation ne fonctionne pas","Service logistique","2023-01-31"
"301","Problème de logiciel","logiciel ne fonctionne pas","Service clientale","2020-11-11"
"302","Problème de livraison","livraison ne fonctionne pas","Service technique","2022-08-09"
"303","Problème de logiciel","logiciel ne fonctionne pas","Service clientale","2023-01-31"
"304","Problème de climatisation","climatisation ne fonctionne pas","Service logistique","2021-05-01"
"305","Problème de connexion","connexion ne fonctionne pas","Service clientale","2023-01-31"
"306","Problème de climatisation","climatisation ne fonctionne pas","Service logistique","2021-05-01"
"307","Problème de livraison","livraison ne fonctionne pas","Service informatique","2021-05-01"
"308","Problème de logiciel","logiciel ne fonctionne pas","Service technique","2019-12-21"
"309","Problème de sécurité","sécurité ne fonctionne pas","Service clientale","2023-01-31"
"310","Problème de climatisation","climatisation ne fonctionne pas","Service technique","2022-08-09"
"311","Problème de connexion","connexion ne fonctionne pas","Service logistique","2020-03-14"
"312","Problème de climatisation","climatisation ne fonctionne pas","Service informatique","2023-01-31"
"313","Problème de téléphone","téléphone ne fonctionne pas","Service informatique","2020-11-11"
"314","Problème de livraison","livraison ne fonctionne pas","Service logistique","2020-03-14"
"315","Problème de livraison","livraison ne fonctionne pas","Service clientale","2022-08-09"
"316","Problème de téléphone","téléphone ne fonctionne pas","Service logistique","2019-12-21"
"317","Problème de livraison","livraison ne fonctionne pas","Service clientale","2023-01-31"
"318","Problème de sécurité","sécurité ne fonctionne pas","Service logistique","2019-12-21"
"319","Problème de sécurité","sécurité ne fonctionne pas","Service technique","2022-08-09"
"320","Problème de logiciel","logiciel ne fonctionne pas","Service technique","2020-03-14"
"321","Problème de connexion","connexion ne fonctionne pas","Service technique","2023-01-31"
"322","Problème de téléphone","téléphone ne fonctionne pas","Service clientale","2020-11-11"
"323","Problème de sécurité","sécurité ne fonctionne pas","Service clientale","2020-11-11"
"324","Problème de connexion","connexion ne fonctionne pas","Service technique","2021-05-01"
"325","Problème de logiciel","logiciel ne fonctionne pas","Service informatique","2023-01-31"
"326","Problème de livraison","livraison ne fonctionne pas","Service technique","2020-11-11"
"327","Problème de logiciel","logiciel ne fonctionne pas","Service logistique","2022-08-09"
"328","Problème de climatisation","climatisation ne fonctionne pas","Service informatique","2022-08-09"
"329","Problème de logiciel","logiciel ne fonctionne pas","Service logistique","2023-01-31"
"330","Problème de sécurité","sécurité ne fonctionne pas","Service clientale","2022-08-09"
"331","Problème de livraison","livraison ne fonctionne pas","Service clientale","2019-12-21"
"332","Problème de connexion","connexion ne fonctionne pas","Service technique","2023-01-31"
"333","Problème de connexion","connexion ne fonctionne pas","Service clientale","2021-05-01"
"334","Problème de sécurité","sécurité ne fonctionne pas","Service technique","2021-05-01"
"335","Problème de livraison","livraison ne fonctionne pas","Service informatique","2021-05-01"
"336","Problème de sécurité","sécurité ne fonctionne pas","Service informatique","2021-05-01"
"337","Problème de connexion","connexion ne fonctionne pas","Service technique","2022-08-09"
"338","Problème de livraison","livraison ne fonctionne pas","Service technique","2019-12-21"
"339","Problème de connexion","connexion ne fonctionne pas","Service clientale","2021-05-01"
"340","Problème de livraison","livraison ne fonctionne pas","Service clientale","2023-01-31"
"341","Problème de sécurité","sécurité ne fonctionne pas","Service technique","2020-03-14"
"342","Problème de sécurité","sécurité ne fonctionne pas","Service clientale","2020-11-11"
"343","Problème de climatisation","climatisation ne fonctionne pas","Service informatique","2021-05-01"
"344","Problème de livraison","livraison ne fonctionne pas","Service technique","2020-11-11"
"345","Problème de logiciel","logiciel ne fonctionne pas","Service informatique","2023-01-31"
"346","Problème de sécurité","sécurité ne fonctionne pas","Service technique","2019-12-21"
"347","Problème de climatisation","climatisation ne fonctionne pas","Service informatique","2019-12-21"
"348","Problème de logiciel","logiciel ne fonctionne pas","Service logistique","2019-12-21"
"349","Problème de téléphone","téléphone ne fonctionne pas","Service technique","2021-05-01"
"350","Problème de logiciel","logiciel ne fonctionne pas","Service logistique","2020-03-14"
"351","Problème de téléphone","téléphone ne fonctionne pas","Service technique","2021-05-01"
"352","Problème de livraison","livraison ne fonctionne pas","Service informatique","2021-05-01"
"353","Problème de livraison","livraison ne fonctionne pas","Service clientale","2022-08-09"
"354","Problème de téléphone","téléphone ne fonctionne pas","Service technique","2023-01-31"
"355","Problème de livraison","livraison ne fonctionne pas","Service logistique","2019-12-21"
"356","Problème de livraison","livraison ne fonctionne pas","Service clientale","2022-08-09"
"357","Problème de logiciel","logiciel ne fonctionne pas","Service logistique","2020-03-14"
"358","Problème de téléphone","téléphone ne fonctionne pas","Service logistique","2022-08-09"
"359","Problème de sécurité","sécurité ne fonctionne pas","Service clientale","2023-01-31"
"360","Problème de connexion","connexion ne fonctionne pas","Service logistique","2020-11-11"
"361","Problème de sécurité","sécurité ne fonctionne pas","Service logistique","2019-12-21"
"362","Problème de livraison","livraison ne fonctionne pas","Service logistique","2021-05-01"
"363","Problème de climatisation","climatisation ne fonctionne pas","Service clientale","2020-11-11"
"364","Problème de sécurité","sécurité ne fonctionne pas","Service clientale","2020-03-14"
"365","Problème de téléphone","téléphone ne fonctionne pas","Service clientale","2020-11-11"
"366","Problème de climatisation","climatisation ne fonctionne pas","Service informatique","2019-12-21"
"367","Problème de téléphone","téléphone ne fonctionne pas","Service logistique","2022-08-09"
"368","Problème de téléphone","téléphone ne fonctionne pas","Service logistique","2021-05-01"
"369","Problème de livraison","livraison ne fonctionne pas","Service technique","2020-11-11"
"370","Problème de logiciel","logiciel ne fonctionne pas","Service informatique","2020-11-11"
"371","Problème de connexion","connexion ne fonctionne pas","Service clientale","2021-05-01"
"372","Problème de logiciel","logiciel ne fonctionne pas","Service logistique","2020-03-14"
"373","Problème de sécurité","sécurité ne fonctionne pas","Service technique","2019-12-21"
"374","Problème de climatisation","climatisation ne fonctionne pas","Service logistique","2022-08-09"
"375","Problème de sécurité","sécurité ne fonctionne pas","Service logistique","2023-01-31"
"376","Problème de sécurité","sécurité ne fonctionne pas","Service logistique","2020-11-11"
"377","Problème de livraison","livraison ne fonctionne pas","Service clientale","2022-08-09"
"378","Problème de sécurité","sécurité ne fonctionne pas","Service informatique","2023-01-31"
"379","Problème de sécurité","sécurité ne fonctionne pas","Service informatique","2023-01-31"
"380","Problème de sécurité","sécurité ne fonctionne pas","Service technique","2021-05-01"
"381","Problème de livraison","livraison ne fonctionne pas","Service technique","2021-05-01"
"382","Problème de téléphone","téléphone ne fonctionne pas","Service technique","2021-05-01"
"383","Problème de connexion","connexion ne fonctionne pas","Service technique","2023-01-31"
"384","Problème de climatisation","climatisation ne fonctionne pas","Service technique","2021-05-01"
"385","Problème de logiciel","logiciel ne fonctionne pas","Service clientale","2020-11-11"
"386","Problème de livraison","livraison ne fonctionne pas","Service informatique","2023-01-31"
"387","Problème de téléphone","téléphone ne fonctionne pas","Service logistique","2019-12-21"
"388","Problème de logiciel","logiciel ne fonctionne pas","Service clientale","2023-01-31"
"389","Problème de connexion","connexion ne fonctionne pas","Service technique","2022-08-09"
"390","Problème de sécurité","sécurité ne fonctionne pas","Service technique","2020-11-11"
"391","Problème de connexion","connexion ne fonctionne pas","Service technique","2020-11-11"
"392","Problème de téléphone","téléphone ne fonctionne pas","Service informatique","2022-08-09"
"393","Problème de sécurité","sécurité ne fonctionne pas","Service informatique","2020-11-11"
"394","Problème de connexion","connexion ne fonctionne pas","Service technique","2021-05-01"
"395","Problème de climatisation","climatisation ne fonctionne pas","Service technique","2022-08-09"
"396","Problème de logiciel","logiciel ne fonctionne pas","Service logistique","2021-05-01"
"397","Problème de sécurité","sécurité ne fonctionne pas","Service clientale","2020-03-14"
"398","Problème de livraison","livraison ne fonctionne pas","Service clientale","2020-11-11"
"399","Problème de logiciel","logiciel ne fonctionne pas","Service technique","2020-11-11"
"400","Problème de sécurité","sécurité ne fonctionne pas","Service logistique","2020-11-11"
"401","Problème de climatisation","climatisation ne fonctionne pas","Service informatique","2019-12-21"
"402","Problème de connexion","connexion ne fonctionne pas","Service logistique","2023-01-31"
"403","Problème de sécurité","sécurité ne fonctionne pas","Service informatique","2023-01-31"
"404","Problème de climatisation","climatisation ne fonctionne pas","Service logistique","2020-03-14"
"405","Problème de téléphone","téléphone ne fonctionne pas","Service logistique","2020-11-11"
"406","Problème de livraison","livraison ne fonctionne pas","Service logistique","2019-12-21"
"407","Problème de logiciel","logiciel ne fonctionne pas","Service informatique","2022-08-09"
"408","Problème de sécurité","sécurité ne fonctionne pas","Service logistique","2021-05-01"
"409","Problème de logiciel","logiciel ne fonctionne pas","Service logistique","2019-12-21"
"410","Problème de climatisation","climatisation ne fonctionne pas","Service clientale","2020-03-14"
"411","Problème de connexion","connexion ne fonctionne pas","Service technique","2023-01-31"
"412","Problème de sécurité","sécurité ne fonctionne pas","Service technique","2020-11-11"
"413","Problème de climatisation","climatisation ne fonctionne pas","Service clientale","2020-11-11"
"414","Problème de sécurité","sécurité ne fonctionne pas","Service clientale","2021-05-01"
"415","Problème de climatisation","climatisation ne fonctionne pas","Service informatique","2021-05-01"
"416","Problème de logiciel","logiciel ne fonctionne pas","Service informatique","2019-12-21"
"417","Problème de sécurité","sécurité ne fonctionne pas","Service logistique","2022-08-09"
"418","Problème de logiciel","logiciel ne fonctionne pas","Service logistique","2019-12-21"
"419","Problème de livraison","livraison ne fonctionne pas","Service informatique","2022-08-09"
"420","Problème de sécurité","sécurité ne fonctionne pas","Service clientale","2019-12-21"
"421","Problème de climatisation","climatisation ne fonctionne pas","Service logistique","2023-01-31"
"422","Problème de connexion","connexion ne fonctionne pas","Service logistique","2022-08-09"
"423","Problème de connexion","connexion ne fonctionne pas","Service clientale","2023-01-31"
"424","Problème de téléphone","téléphone ne fonctionne pas","Service technique","2022-08-09"
"425","Problème de livraison","livraison ne fonctionne pas","Service informatique","2020-11-11"
"426","Problème de climatisation","climatisation ne fonctionne pas","Service technique","2023-01-31"
"427","Problème de téléphone","téléphone ne fonctionne pas","Service technique","2020-11-11"
"428","Problème de sécurité","sécurité ne fonctionne pas","Service clientale","2019-12-21"
"429","Problème de connexion","connexion ne fonctionne pas","Service technique","2022-08-09"
"430","Problème de livraison","livraison ne fonctionne pas","Service technique","2022-08-09"
"431","Problème de sécurité","sécurité ne fonctionne pas","Service clientale","2023-01-31"
"432","Problème de livraison","livraison ne fonctionne pas","Service technique","2023-01-31"
"433","Problème de téléphone","téléphone ne fonctionne pas","Service technique","2021-05-01"
"434","Problème de sécurité","sécurité ne fonctionne pas","Service technique","2021-05-01"
"435","Problème de connexion","connexion ne fonctionne pas","Service informatique","2021-05-01"
"436","Problème de téléphone","téléphone ne fonctionne pas","Service informatique","2020-11-11"
"437","Problème de livraison","livraison ne fonctionne pas","Service clientale","2021-05-01"
"438","Problème de livraison","livraison ne fonctionne pas","Service clientale","2019-12-21"
"439","Problème de climatisation","climatisation ne fonctionne pas","Service logistique","2020-03-14"
"440","Problème de climatisation","climatisation ne fonctionne pas","Service clientale","2019-12-21"
"441","Problème de téléphone","téléphone ne fonctionne pas","Service clientale","2022-08-09"
"442","Problème de livraison","livraison ne fonctionne pas","Service technique","2023-01-31"
"443","Problème de téléphone","téléphone ne fonctionne pas","Service clientale","2020-11-11"
"444","Problème de climatisation","climatisation ne fonctionne pas","Service clientale","2022-08-09"
"445","Problème de logiciel","logiciel ne fonctionne pas","Service logistique","2023-01-31"
"446","Problème de connexion","connexion ne fonctionne pas","Service clientale","2023-01-31"
"447","Problème de climatisation","climatisation ne fonctionne pas","Service technique","2023-01-31"
"448","Problème de climatisation","climatisation ne fonctionne pas","Service clientale","2019-12-21"
"449","Problème de climatisation","climatisation ne fonctionne pas","Service clientale","2019-12-21"
"450","Problème de téléphone","téléphone ne fonctionne pas","Service informatique","2020-03-14"
"451","Problème de climatisation","climatisation ne fonctionne pas","Service clientale","2019-12-21"
"452","Problème de livraison","livraison ne fonctionne pas","Service informatique","2019-12-21"
"453","Problème de livraison","livraison ne fonctionne pas","Service informatique","2021-05-01"
"454","Problème de climatisation","climatisation ne fonctionne pas","Service technique","2023-01-31"
"455","Problème de livraison","livraison ne fonctionne pas","Service technique","2019-12-21"
"456","Problème de connexion","connexion ne fonctionne pas","Service clientale","2020-03-14"
"457","Problème de livraison","livraison ne fonctionne pas","Service clientale","2023-01-31"
"458","Problème de téléphone","téléphone ne fonctionne pas","Service clientale","2019-12-21"
"459","Problème de livraison","livraison ne fonctionne pas","Service logistique","2022-08-09"
"460","Problème de logiciel","logiciel ne fonctionne pas","Service technique","2022-08-09"
"461","Problème de livraison","livraison ne fonctionne pas","Service clientale","2020-03-14"
"462","Problème de connexion","connexion ne fonctionne pas","Service informatique","2022-08-09"
"463","Problème de logiciel","logiciel ne fonctionne pas","Service technique","2022-08-09"
"464","Problème de sécurité","sécurité ne fonctionne pas","Service logistique","2020-11-11"
"465","Problème de climatisation","climatisation ne fonctionne pas","Service informatique","2019-12-21"
"466","Problème de connexion","connexion ne fonctionne pas","Service logistique","2021-05-01"
"467","Problème de téléphone","téléphone ne fonctionne pas","Service technique","2020-03-14"
"468","Problème de sécurité","sécurité ne fonctionne pas","Service clientale","2022-08-09"
"469","Problème de climatisation","climatisation ne fonctionne pas","Service technique","2021-05-01"
"470","Problème de livraison","livraison ne fonctionne pas","Service informatique","2020-11-11"
"471","Problème de sécurité","sécurité ne fonctionne pas","Service technique","2022-08-09"
"472","Problème de sécurité","sécurité ne fonctionne pas","Service technique","2019-12-21"
"473","Problème de téléphone","téléphone ne fonctionne pas","Service logistique","2022-08-09"
"474","Problème de climatisation","climatisation ne fonctionne pas","Service clientale","2020-03-14"
"475","Problème de connexion","connexion ne fonctionne pas","Service logistique","2022-08-09"
"476","Problème de livraison","livraison ne fonctionne pas","Service logistique","2021-05-01"
"477","Problème de connexion","connexion ne fonctionne pas","Service clientale","2019-12-21"
"478","Problème de téléphone","téléphone ne fonctionne pas","Service clientale","2020-03-14"
"479","Problème de connexion","connexion ne fonctionne pas","Service informatique","2019-12-21"
"480","Problème de livraison","livraison ne fonctionne pas","Service logistique","2019-12-21"
"481","Problème de téléphone","téléphone ne fonctionne pas","Service logistique","2023-01-31"
"482","Problème de sécurité","sécurité ne fonctionne pas","Service logistique","2020-11-11"
"483","Problème de sécurité","sécurité ne fonctionne pas","Service technique","2020-11-11"
"484","Problème de climatisation","climatisation ne fonctionne pas","Service technique","2022-08-09"
"485","Problème de livraison","livraison ne fonctionne pas","Service logistique","2020-03-14"
"486","Problème de sécurité","sécurité ne fonctionne pas","Service informatique","2020-03-14"
"487","Problème de sécurité","sécurité ne fonctionne pas","Service informatique","2023-01-31"
"488","Problème de téléphone","téléphone ne fonctionne pas","Service informatique","2019-12-21"
"489","Problème de livraison","livraison ne fonctionne pas","Service technique","2020-11-11"
"490","Problème de livraison","livraison ne fonctionne pas","Service informatique","2021-05-01"
"491","Problème de sécurité","sécurité ne fonctionne pas","Service clientale","2023-01-31"
"492","Problème de livraison","livraison ne fonctionne pas","Service clientale","2023-01-31"
"493","Problème de téléphone","téléphone ne fonctionne pas","Service logistique","2019-12-21"
"494","Problème de logiciel","logiciel ne fonctionne pas","Service clientale","2019-12-21"
"495","Problème de connexion","connexion ne fonctionne pas","Service technique","2023-01-31"
"496","Problème de climatisation","climatisation ne fonctionne pas","Service logistique","2022-08-09"
"497","Problème de sécurité","sécurité ne fonctionne pas","Service technique","2020-03-14"
"498","Problème de livraison","livraison ne fonctionne pas","Service informatique","2019-12-21"
"499","Problème de livraison","livraison ne fonctionne pas","Service informatique","2021-05-01"
"500","Problème de livraison","livraison ne fonctionne pas","Service logistique","2019-12-21"
"501","Problème de téléphone","téléphone ne fonctionne pas","Service informatique","2023-01-31"
"502","Problème de sécurité","sécurité ne fonctionne pas","Service clientale","2020-11-11"
"503","Problème de sécurité","sécurité ne fonctionne pas","Service logistique","2020-03-14"
"504","Problème de connexion","connexion ne fonctionne pas","Service informatique","2023-01-31"
"505","Problème de téléphone","téléphone ne fonctionne pas","Service logistique","2021-05-01"
"506","Problème de livraison","livraison ne fonctionne pas","Service technique","2020-11-11"
"507","Problème de connexion","connexion ne fonctionne pas","Service logistique","2020-11-11"
"508","Problème de climatisation","climatisation ne fonctionne pas","Service clientale","2020-11-11"
"509","Problème de livraison","livraison ne fonctionne pas","Service technique","2022-08-09"
"510","Problème de sécurité","sécurité ne fonctionne pas","Service technique","2020-03-14"
"511","Problème de climatisation","climatisation ne fonctionne pas","Service informatique","2021-05-01"
"512","Problème de sécurité","sécurité ne fonctionne pas","Service technique","2020-11-11"
"513","Problème de logiciel","logiciel ne fonctionne pas","Service logistique","2021-05-01"
"514","Problème de sécurité","sécurité ne fonctionne pas","Service logistique","2023-01-31"
"515","Problème de livraison","livraison ne fonctionne pas","Service clientale","2020-03-14"
"516","Problème de logiciel","logiciel ne fonctionne pas","Service logistique","2021-05-01"
"517","Problème de logiciel","logiciel ne fonctionne pas","Service clientale","2021-05-01"
"518","Problème de sécurité","sécurité ne fonctionne pas","Service logistique","2022-08-09"
"519","Problème de climatisation","climatisation ne fonctionne pas","Service logistique","2023-01-31"
"520","Problème de sécurité","sécurité ne fonctionne pas","Service logistique","2022-08-09"
"521","Problème de téléphone","téléphone ne fonctionne pas","Service informatique","2020-03-14"
"522","Problème de connexion","connexion ne fonctionne pas","Service technique","2020-03-14"
"523","Problème de connexion","connexion ne fonctionne pas","Service technique","2021-05-01"
"524","Problème de connexion","connexion ne fonctionne pas","Service clientale","2020-11-11"
"525","Problème de sécurité","sécurité ne fonctionne pas","Service logistique","2020-11-11"
"526","Problème de connexion","connexion ne fonctionne pas","Service informatique","2020-03-14"
"527","Problème de climatisation","climatisation ne fonctionne pas","Service informatique","2020-03-14"
"528","Problème de sécurité","sécurité ne fonctionne pas","Service technique","2021-05-01"
"529","Problème de livraison","livraison ne fonctionne pas","Service logistique","2021-05-01"
"530","Problème de livraison","livraison ne fonctionne pas","Service informatique","2023-01-31"
"531","Problème de sécurité","sécurité ne fonctionne pas","Service technique","2023-01-31"
"532","Problème de sécurité","sécurité ne fonctionne pas","Service clientale","2023-01-31"
"533","Problème de connexion","connexion ne fonctionne pas","Service informatique","2020-11-11"
"534","Problème de livraison","livraison ne fonctionne pas","Service technique","2022-08-09"
"535","Problème de téléphone","téléphone ne fonctionne pas","Service informatique","2019-12-21"
"536","Problème de logiciel","logiciel ne fonctionne pas","Service informatique","2020-03-14"
"537","Problème de connexion","connexion ne fonctionne pas","Service technique","2023-01-31"
"538","Problème de connexion","connexion ne fonctionne pas","Service technique","2022-08-09"
"539","Problème de connexion","connexion ne fonctionne pas","Service logistique","2023-01-31"
"540","Problème de connexion","connexion ne fonctionne pas","Service clientale","2022-08-09"
"541","Problème de sécurité","sécurité ne fonctionne pas","Service clientale","2021-05-01"
"542","Problème de climatisation","climatisation ne fonctionne pas","Service technique","2021-05-01"
"543","Problème de connexion","connexion ne fonctionne pas","Service logistique","2020-03-14"
"544","Problème de téléphone","téléphone ne fonctionne pas","Service informatique","2020-03-14"
"545","Problème de climatisation","climatisation ne fonctionne pas","Service logistique","2021-05-01"
"546","Problème de connexion","connexion ne fonctionne pas","Service technique","2020-03-14"
"547","Problème de logiciel","logiciel ne fonctionne pas","Service technique","2021-05-01"
"548","Problème de climatisation","climatisation ne fonctionne pas","Service logistique","2020-11-11"
"549","Problème de climatisation","climatisation ne fonctionne pas","Service informatique","2023-01-31"
"550","Problème de connexion","connexion ne fonctionne pas","Service technique","2021-05-01"
"551","Problème de sécurité","sécurité ne fonctionne pas","Service clientale","2020-03-14"
"552","Problème de téléphone","téléphone ne fonctionne pas","Service logistique","2020-03-14"
"553","Problème de climatisation","climatisation ne fonctionne pas","Service informatique","2020-11-11"
"554","Problème de connexion","connexion ne fonctionne pas","Service informatique","2020-11-11"
"555","Problème de climatisation","climatisation ne fonctionne pas","Service informatique","2023-01-31"
"556","Problème de livraison","livraison ne fonctionne pas","Service clientale","2020-11-11"
"557","Problème de sécurité","sécurité ne fonctionne pas","Service informatique","2020-11-11"
"558","Problème de livraison","livraison ne fonctionne pas","Service clientale","2020-03-14"
"559","Problème de téléphone","téléphone ne fonctionne pas","Service technique","2022-08-09"
"560","Problème de livraison","livraison ne fonctionne pas","Service informatique","2020-03-14"
"561","Problème de connexion","connexion ne fonctionne pas","Service clientale","2020-11-11"
"562","Problème de livraison","livraison ne fonctionne pas","Service informatique","2020-03-14"
"563","Problème de logiciel","logiciel ne fonctionne pas","Service technique","2021-05-01"
"564","Problème de sécurité","sécurité ne fonctionne pas","Service logistique","2023-01-31"
"565","Problème de livraison","livraison ne fonctionne pas","Service logistique","2021-05-01"
"566","Problème de téléphone","téléphone ne fonctionne pas","Service technique","2020-03-14"
"567","Problème de téléphone","téléphone ne fonctionne pas","Service logistique","2020-11-11"
"568","Problème de téléphone","téléphone ne fonctionne pas","Service informatique","2020-11-11"
"569","Problème de livraison","livraison ne fonctionne pas","Service logistique","2021-05-01"
"570","Problème de connexion","connexion ne fonctionne pas","Service informatique","2019-12-21"
"571","Problème de livraison","livraison ne fonctionne pas","Service clientale","2019-12-21"
"572","Problème de livraison","livraison ne fonctionne pas","Service logistique","2022-08-09"
"573","Problème de climatisation","climatisation ne fonctionne pas","Service technique","2022-08-09"
"574","Problème de connexion","connexion ne fonctionne pas","Service logistique","2020-11-11"
"575","Problème de logiciel","logiciel ne fonctionne pas","Service informatique","2020-11-11"
"576","Problème de sécurité","sécurité ne fonctionne pas","Service logistique","2019-12-21"
"577","Problème de sécurité","sécurité ne fonctionne pas","Service technique","2019-12-21"
"578","Problème de logiciel","logiciel ne fonctionne pas","Service technique","2021-05-01"
"579","Problème de téléphone","téléphone ne fonctionne pas","Service clientale","2019-12-21"
"580","Problème de logiciel","logiciel ne fonctionne pas","Service technique","2020-11-11"
"581","Problème de livraison","livraison ne fonctionne pas","Service logistique","2020-03-14"
"582","Problème de sécurité","sécurité ne fonctionne pas","Service technique","2022-08-09"
"583","Problème de connexion","connexion ne fonctionne pas","Service technique","2020-11-11"
"584","Problème de logiciel","logiciel ne fonctionne pas","Service technique","2022-08-09"
"585","Problème de logiciel","logiciel ne fonctionne pas","Service informatique","2022-08-09"
"586","Problème de connexion","connexion ne fonctionne pas","Service logistique","2020-03-14"
"587","Problème de téléphone","téléphone ne fonctionne pas","Service logistique","2022-08-09"
"588","Problème de logiciel","logiciel ne fonctionne pas","Service clientale","2019-12-21"
"589","Problème de connexion","connexion ne fonctionne pas","Service technique","2023-01-31"
"590","Problème de connexion","connexion ne fonctionne pas","Service logistique","2020-03-14"
"591","Problème de logiciel","logiciel ne fonctionne pas","Service clientale","2020-11-11"
"592","Problème de livraison","livraison ne fonctionne pas","Service informatique","2022-08-09"
"593","Problème de livraison","livraison ne fonctionne pas","Service technique","2022-08-09"
"594","Problème de connexion","connexion ne fonctionne pas","Service technique","2022-08-09"
"595","Problème de logiciel","logiciel ne fonctionne pas","Service clientale","2020-11-11"
"596","Problème de climatisation","climatisation ne fonctionne pas","Service technique","2020-11-11"
"597","Problème de logiciel","logiciel ne fonctionne pas","Service logistique","2020-11-11"
"598","Problème de climatisation","climatisation ne fonctionne pas","Service logistique","2023-01-31"
"599","Problème de climatisation","climatisation ne fonctionne pas","Service technique","2021-05-01"
"600","Problème de téléphone","téléphone ne fonctionne pas","Service clientale","2020-03-14"
"601","Problème de logiciel","logiciel ne fonctionne pas","Service clientale","2021-05-01"
"602","Problème de livraison","livraison ne fonctionne pas","Service technique","2021-05-01"
"603","Problème de logiciel","logiciel ne fonctionne pas","Service logistique","2020-11-11"
"604","Problème de climatisation","climatisation ne fonctionne pas","Service clientale","2020-03-14"
"605","Problème de logiciel","logiciel ne fonctionne pas","Service logistique","2020-11-11"
"606","Problème de logiciel","logiciel ne fonctionne pas","Service technique","2020-03-14"
"607","Problème de livraison","livraison ne fonctionne pas","Service clientale","2021-05-01"
"608","Problème de logiciel","logiciel ne fonctionne pas","Service technique","2021-05-01"
"609","Problème de livraison","livraison ne fonctionne pas","Service clientale","2023-01-31"
"610","Problème de livraison","livraison ne fonctionne pas","Service technique","2021-05-01"
"611","Problème de connexion","connexion ne fonctionne pas","Service technique","2019-12-21"
"612","Problème de climatisation","climatisation ne fonctionne pas","Service informatique","2022-08-09"
"613","Problème de logiciel","logiciel ne fonctionne pas","Service clientale","2021-05-01"
"614","Problème de sécurité","sécurité ne fonctionne pas","Service technique","2023-01-31"
"615","Problème de téléphone","téléphone ne fonctionne pas","Service logistique","2022-08-09"
"616","Problème de climatisation","climatisation ne fonctionne pas","Service technique","2020-11-11"
"617","Problème de téléphone","téléphone ne fonctionne pas","Service informatique","2021-05-01"
"618","Problème de logiciel","logiciel ne fonctionne pas","Service technique","2021-05-01"
"619","Problème de livraison","livraison ne fonctionne pas","Service informatique","2022-08-09"
"620","Problème de climatisation","climatisation ne fonctionne pas","Service technique","2022-08-09"
"621","Problème de connexion","connexion ne fonctionne pas","Service clientale","2020-03-14"
"622","Problème de connexion","connexion ne fonctionne pas","Service informatique","2022-08-09"
"623","Problème de connexion","connexion ne fonctionne pas","Service informatique","2021-05-01"
"624","Problème de livraison","livraison ne fonctionne pas","Service clientale","2022-08-09"
"625","Problème de connexion","connexion ne fonctionne pas","Service logistique","2020-11-11"
"626","Problème de téléphone","téléphone ne fonctionne pas","Service clientale","2020-03-14"
"627","Problème de connexion","connexion ne fonctionne pas","Service informatique","2019-12-21"
"628","Problème de livraison","livraison ne fonctionne pas","Service informatique","2020-11-11"
"629","Problème de téléphone","téléphone ne fonctionne pas","Service logistique","2020-11-11"
"630","Problème de logiciel","logiciel ne fonctionne pas","Service technique","2021-05-01"
"631","Problème de connexion","connexion ne fonctionne pas","Service technique","2023-01-31"
"632","Problème de connexion","connexion ne fonctionne pas","Service technique","2020-03-14"
"633","Problème de connexion","connexion ne fonctionne pas","Service clientale","2019-12-21"
"634","Problème de livraison","livraison ne fonctionne pas","Service informatique","2019-12-21"
"635","Problème de livraison","livraison ne fonctionne pas","Service clientale","2020-11-11"
"636","Problème de livraison","livraison ne fonctionne pas","Service clientale","2021-05-01"
"637","Problème de logiciel","logiciel ne fonctionne pas","Service technique","2019-12-21"
"638","Problème de logiciel","logiciel ne fonctionne pas","Service clientale","2023-01-31"
"639","Problème de téléphone","téléphone ne fonctionne pas","Service technique","2023-01-31"
"640","Problème de connexion","connexion ne fonctionne pas","Service clientale","2019-12-21"
"641","Problème de sécurité","sécurité ne fonctionne pas","Service informatique","2021-05-01"
"642","Problème de connexion","connexion ne fonctionne pas","Service logistique","2022-08-09"
"643","Problème de sécurité","sécurité ne fonctionne pas","Service informatique","2020-11-11"
"644","Problème de sécurité","sécurité ne fonctionne pas","Service technique","2020-03-14"
"645","Problème de climatisation","climatisation ne fonctionne pas","Service logistique","2022-08-09"
"646","Problème de connexion","connexion ne fonctionne pas","Service clientale","2022-08-09"
"647","Problème de logiciel","logiciel ne fonctionne pas","Service technique","2019-12-21"
"648","Problème de climatisation","climatisation ne fonctionne pas","Service informatique","2020-03-14"
"649","Problème de connexion","connexion ne fonctionne pas","Service logistique","2022-08-09"
"650","Problème de logiciel","logiciel ne fonctionne pas","Service logistique","2022-08-09"
"651","Problème de livraison","livraison ne fonctionne pas","Service clientale","2020-03-14"
"652","Problème de connexion","connexion ne fonctionne pas","Service technique","2020-03-14"
"653","Problème de téléphone","téléphone ne fonctionne pas","Service logistique","2023-01-31"
"654","Problème de logiciel","logiciel ne fonctionne pas","Service logistique","2022-08-09"
"655","Problème de logiciel","logiciel ne fonctionne pas","Service logistique","2020-03-14"
"656","Problème de téléphone","téléphone ne fonctionne pas","Service logistique","2020-11-11"
"657","Problème de téléphone","téléphone ne fonctionne pas","Service informatique","2020-11-11"
"658","Problème de logiciel","logiciel ne fonctionne pas","Service logistique","2020-03-14"
"659","Problème de logiciel","logiciel ne fonctionne pas","Service clientale","2022-08-09"
"660","Problème de livraison","livraison ne fonctionne pas","Service clientale","2019-12-21"
"661","Problème de téléphone","téléphone ne fonctionne pas","Service technique","2023-01-31"
"662","Problème de sécurité","sécurité ne fonctionne pas","Service logistique","2021-05-01"
"663","Problème de téléphone","téléphone ne fonctionne pas","Service logistique","2019-12-21"
"664","Problème de livraison","livraison ne fonctionne pas","Service informatique","2023-01-31"
"665","Problème de livraison","livraison ne fonctionne pas","Service clientale","2022-08-09"
"666","Problème de climatisation","climatisation ne fonctionne pas","Service clientale","2021-05-01"
"667","Problème de connexion","connexion ne fonctionne pas","Service clientale","2019-12-21"
"668","Problème de logiciel","logiciel ne fonctionne pas","Service logistique","2020-03-14"
"669","Problème de climatisation","climatisation ne fonctionne pas","Service technique","2022-08-09"
"670","Problème de climatisation","climatisation ne fonctionne pas","Service clientale","2019-12-21"
"671","Problème de livraison","livraison ne fonctionne pas","Service informatique","2020-03-14"
"672","Problème de sécurité","sécurité ne fonctionne pas","Service logistique","2020-11-11"
"673","Problème de téléphone","téléphone ne fonctionne pas","Service technique","2019-12-21"
"674","Problème de connexion","connexion ne fonctionne pas","Service clientale","2023-01-31"
"675","Problème de connexion","connexion ne fonctionne pas","Service informatique","2019-12-21"
"676","Problème de téléphone","téléphone ne fonctionne pas","Service clientale","2019-12-21"
"677","Problème de sécurité","sécurité ne fonctionne pas","Service informatique","2023-01-31"
"678","Problème de sécurité","sécurité ne fonctionne pas","Service technique","2020-03-14"
"679","Problème de climatisation","climatisation ne fonctionne pas","Service informatique","2023-01-31"
"680","Problème de sécurité","sécurité ne fonctionne pas","Service clientale","2022-08-09"
"681","Problème de logiciel","logiciel ne fonctionne pas","Service informatique","2021-05-01"
"682","Problème de logiciel","logiciel ne fonctionne pas","Service technique","2020-11-11"
"683","Problème de sécurité","sécurité ne fonctionne pas","Service logistique","2019-12-21"
"684","Problème de sécurité","sécurité ne fonctionne pas","Service informatique","2021-05-01"
"685","Problème de logiciel","logiciel ne fonctionne pas","Service technique","2022-08-09"
"686","Problème de téléphone","téléphone ne fonctionne pas","Service technique","2023-01-31"
"687","Problème de sécurité","sécurité ne fonctionne pas","Service logistique","2019-12-21"
"688","Problème de logiciel","logiciel ne fonctionne pas","Service informatique","2020-11-11"
"689","Problème de connexion","connexion ne fonctionne pas","Service technique","2020-03-14"
"690","Problème de connexion","connexion ne fonctionne pas","Service informatique","2020-03-14"
"691","Problème de connexion","connexion ne fonctionne pas","Service informatique","2022-08-09"
"692","Problème de sécurité","sécurité ne fonctionne pas","Service informatique","2022-08-09"
"693","Problème de connexion","connexion ne fonctionne pas","Service technique","2022-08-09"
"694","Problème de livraison","livraison ne fonctionne pas","Service clientale","2020-03-14"
"695","Problème de livraison","livraison ne fonctionne pas","Service clientale","2023-01-31"
"696","Problème de logiciel","logiciel ne fonctionne pas","Service technique","2023-01-31"
"697","Problème de connexion","connexion ne fonctionne pas","Service technique","2023-01-31"
"698","Problème de sécurité","sécurité ne fonctionne pas","Service technique","2019-12-21"
"699","Problème de téléphone","téléphone ne fonctionne pas","Service informatique","2021-05-01"
"700","Problème de logiciel","logiciel ne fonctionne pas","Service informatique","2023-01-31"
"701","Problème de climatisation","climatisation ne fonctionne pas","Service clientale","2020-11-11"
"702","Problème de connexion","connexion ne fonctionne pas","Service clientale","2022-08-09"
"703","Problème de téléphone","téléphone ne fonctionne pas","Service technique","2023-01-31"
"704","Problème de sécurité","sécurité ne fonctionne pas","Service logistique","2020-11-11"
"705","Problème de sécurité","sécurité ne fonctionne pas","Service clientale","2020-03-14"
"706","Problème de logiciel","logiciel ne fonctionne pas","Service technique","2020-11-11"
"707","Problème de connexion","connexion ne fonctionne pas","Service informatique","2023-01-31"
"708","Problème de logiciel","logiciel ne fonctionne pas","Service technique","2022-08-09"
"709","Problème de logiciel","logiciel ne fonctionne pas","Service informatique","2020-11-11"
"710","Problème de livraison","livraison ne fonctionne pas","Service informatique","2021-05-01"
"711","Problème de logiciel","logiciel ne fonctionne pas","Service informatique","2021-05-01"
"712","Problème de téléphone","téléphone ne fonctionne pas","Service clientale","2021-05-01"
"713","Problème de livraison","livraison ne fonctionne pas","Service logistique","2019-12-21"
"714","Problème de livraison","livraison ne fonctionne pas","Service logistique","2020-11-11"
"715","Problème de climatisation","climatisation ne fonctionne pas","Service informatique","2020-03-14"
"716","Problème de téléphone","téléphone ne fonctionne pas","Service clientale","2020-03-14"
"717","Problème de connexion","connexion ne fonctionne pas","Service technique","2021-05-01"
"718","Problème de logiciel","logiciel ne fonctionne pas","Service technique","2022-08-09"
"719","Problème de livraison","livraison ne fonctionne pas","Service technique","2021-05-01"
"720","Problème de connexion","connexion ne fonctionne pas","Service informatique","2020-11-11"
"721","Problème de livraison","livraison ne fonctionne pas","Service clientale","2021-05-01"
"722","Problème de livraison","livraison ne fonctionne pas","Service technique","2020-11-11"
"723","Problème de connexion","connexion ne fonctionne pas","Service informatique","2022-08-09"
"724","Problème de sécurité","sécurité ne fonctionne pas","Service informatique","2021-05-01"
"725","Problème de logiciel","logiciel ne fonctionne pas","Service logistique","2020-11-11"
"726","Problème de livraison","livraison ne fonctionne pas","Service clientale","2022-08-09"
"727","Problème de connexion","connexion ne fonctionne pas","Service technique","2020-03-14"
"728","Problème de livraison","livraison ne fonctionne pas","Service informatique","2019-12-21"
"729","Problème de livraison","livraison ne fonctionne pas","Service informatique","2023-01-31"
"730","Problème de climatisation","climatisation ne fonctionne pas","Service informatique","2020-11-11"
"731","Problème de sécurité","sécurité ne fonctionne pas","Service informatique","2022-08-09"
"732","Problème de climatisation","climatisation ne fonctionne pas","Service clientale","2021-05-01"
"733","Problème de logiciel","logiciel ne fonctionne pas","Service informatique","2020-03-14"
"734","Problème de sécurité","sécurité ne fonctionne pas","Service informatique","2021-05-01"
"735","Problème de livraison","livraison ne fonctionne pas","Service clientale","2023-01-31"
"736","Problème de sécurité","sécurité ne fonctionne pas","Service technique","2023-01-31"
"737","Problème de climatisation","climatisation ne fonctionne pas","Service informatique","2019-12-21"
"738","Problème de téléphone","téléphone ne fonctionne pas","Service clientale","2020-11-11"
"739","Problème de logiciel","logiciel ne fonctionne pas","Service technique","2019-12-21"
"740","Problème de connexion","connexion ne fonctionne pas","Service informatique","2021-05-01"
"741","Problème de logiciel","logiciel ne fonctionne pas","Service clientale","2020-03-14"
"742","Problème de climatisation","climatisation ne fonctionne pas","Service clientale","2022-08-09"
"743","Problème de connexion","connexion ne fonctionne pas","Service informatique","2020-11-11"
"744","Problème de téléphone","téléphone ne fonctionne pas","Service informatique","2022-08-09"
"745","Problème de logiciel","logiciel ne fonctionne pas","Service technique","2021-05-01"
"746","Problème de livraison","livraison ne fonctionne pas","Service logistique","2023-01-31"
"747","Problème de climatisation","climatisation ne fonctionne pas","Service clientale","2020-03-14"
"748","Problème de climatisation","climatisation ne fonctionne pas","Service clientale","2023-01-31"
"749","Problème de téléphone","téléphone ne fonctionne pas","Service informatique","2022-08-09"
"750","Problème de téléphone","téléphone ne fonctionne pas","Service technique","2020-03-14"
"751","Problème de connexion","connexion ne fonctionne pas","Service technique","2022-08-09"
"752","Problème de connexion","connexion ne fonctionne pas","Service logistique","2020-03-14"
"753","Problème de climatisation","climatisation ne fonctionne pas","Service informatique","2019-12-21"
"754","Problème de téléphone","téléphone ne fonctionne pas","Service clientale","2020-11-11"
"755","Problème de sécurité","sécurité ne fonctionne pas","Service technique","2022-08-09"
"756","Problème de logiciel","logiciel ne fonctionne pas","Service technique","2020-11-11"
"757","Problème de livraison","livraison ne fonctionne pas","Service technique","2019-12-21"
"758","Problème de livraison","livraison ne fonctionne pas","Service clientale","2020-11-11"
"759","Problème de livraison","livraison ne fonctionne pas","Service technique","2020-11-11"
"760","Problème de logiciel","logiciel ne fonctionne pas","Service informatique","2022-08-09"
"761","Problème de climatisation","climatisation ne fonctionne pas","Service technique","2023-01-31"
"762","Problème de téléphone","téléphone ne fonctionne pas","Service technique","2022-08-09"
"763","Problème de connexion","connexion ne fonctionne pas","Service clientale","2021-05-01"
"764","Problème de climatisation","climatisation ne fonctionne pas","Service logistique","2022-08-09"
"765","Problème de logiciel","logiciel ne fonctionne pas","Service informatique","2020-11-11"
"766","Problème de climatisation","climatisation ne fonctionne pas","Service clientale","2021-05-01"
"767","Problème de téléphone","téléphone ne fonctionne pas","Service logistique","2020-11-11"
"768","Problème de sécurité","sécurité ne fonctionne pas","Service clientale","2019-12-21"
"769","Problème de connexion","connexion ne fonctionne pas","Service clientale","2023-01-31"
"770","Problème de logiciel","logiciel ne fonctionne pas","Service informatique","2022-08-09"
"771","Problème de sécurité","sécurité ne fonctionne pas","Service informatique","2019-12-21"
"772","Problème de logiciel","logiciel ne fonctionne pas","Service logistique","2023-01-31"
"773","Problème de connexion","connexion ne fonctionne pas","Service informatique","2020-03-14"
"774","Problème de connexion","connexion ne fonctionne pas","Service technique","2020-11-11"
"775","Problème de climatisation","climatisation ne fonctionne pas","Service clientale","2023-01-31"
"776","Problème de livraison","livraison ne fonctionne pas","Service logistique","2022-08-09"
"777","Problème de climatisation","climatisation ne fonctionne pas","Service informatique","2020-11-11"
"778","Problème de téléphone","téléphone ne fonctionne pas","Service informatique","2020-11-11"
"779","Problème de livraison","livraison ne fonctionne pas","Service logistique","2023-01-31"
"780","Problème de livraison","livraison ne fonctionne pas","Service informatique","2021-05-01"
"781","Problème de livraison","livraison ne fonctionne pas","Service informatique","2021-05-01"
"782","Problème de climatisation","climatisation ne fonctionne pas","Service technique","2019-12-21"
"783","Problème de connexion","connexion ne fonctionne pas","Service clientale","2020-11-11"
"784","Problème de connexion","connexion ne fonctionne pas","Service technique","2023-01-31"
"785","Problème de téléphone","téléphone ne fonctionne pas","Service logistique","2020-11-11"
"786","Problème de sécurité","sécurité ne fonctionne pas","Service technique","2022-08-09"
"787","Problème de logiciel","logiciel ne fonctionne pas","Service informatique","2021-05-01"
"788","Problème de connexion","connexion ne fonctionne pas","Service informatique","2022-08-09"
"789","Problème de sécurité","sécurité ne fonctionne pas","Service technique","2022-08-09"
"790","Problème de sécurité","sécurité ne fonctionne pas","Service clientale","2022-08-09"
"791","Problème de climatisation","climatisation ne fonctionne pas","Service clientale","2020-03-14"
"792","Problème de climatisation","climatisation ne fonctionne pas","Service technique","2020-11-11"
"793","Problème de téléphone","téléphone ne fonctionne pas","Service logistique","2022-08-09"
"794","Problème de connexion","connexion ne fonctionne pas","Service technique","2021-05-01"
"795","Problème de sécurité","sécurité ne fonctionne pas","Service clientale","2019-12-21"
"796","Problème de climatisation","climatisation ne fonctionne pas","Service technique","2020-11-11"
"797","Problème de logiciel","logiciel ne fonctionne pas","Service informatique","2022-08-09"
"798","Problème de sécurité","sécurité ne fonctionne pas","Service logistique","2021-05-01"
"799","Problème de logiciel","logiciel ne fonctionne pas","Service technique","2020-11-11"
"800","Problème de téléphone","téléphone ne fonctionne pas","Service technique","2019-12-21"
"801","Problème de connexion","connexion ne fonctionne pas","Service informatique","2023-01-31"
"802","Problème de livraison","livraison ne fonctionne pas","Service logistique","2020-11-11"
"803","Problème de logiciel","logiciel ne fonctionne pas","Service technique","2020-03-14"
"804","Problème de logiciel","logiciel ne fonctionne pas","Service clientale","2020-03-14"
"805","Problème de logiciel","logiciel ne fonctionne pas","Service logistique","2023-01-31"
"806","Problème de connexion","connexion ne fonctionne pas","Service informatique","2019-12-21"
"807","Problème de sécurité","sécurité ne fonctionne pas","Service clientale","2019-12-21"
"808","Problème de téléphone","téléphone ne fonctionne pas","Service clientale","2019-12-21"
"809","Problème de téléphone","téléphone ne fonctionne pas","Service technique","2021-05-01"
"810","Problème de logiciel","logiciel ne fonctionne pas","Service logistique","2023-01-31"
"811","Problème de logiciel","logiciel ne fonctionne pas","Service informatique","2022-08-09"
"812","Problème de climatisation","climatisation ne fonctionne pas","Service technique","2019-12-21"
"813","Problème de connexion","connexion ne fonctionne pas","Service logistique","2020-11-11"
"814","Problème de connexion","connexion ne fonctionne pas","Service clientale","2021-05-01"
"815","Problème de connexion","connexion ne fonctionne pas","Service logistique","2022-08-09"
"816","Problème de sécurité","sécurité ne fonctionne pas","Service clientale","2023-01-31"
"817","Problème de livraison","livraison ne fonctionne pas","Service informatique","2021-05-01"
"818","Problème de livraison","livraison ne fonctionne pas","Service technique","2020-03-14"
"819","Problème de téléphone","téléphone ne fonctionne pas","Service clientale","2019-12-21"
"820","Problème de téléphone","téléphone ne fonctionne pas","Service logistique","2020-03-14"
"821","Problème de sécurité","sécurité ne fonctionne pas","Service informatique","2021-05-01"
"822","Problème de livraison","livraison ne fonctionne pas","Service technique","2019-12-21"
"823","Problème de livraison","livraison ne fonctionne pas","Service informatique","2021-05-01"
"824","Problème de sécurité","sécurité ne fonctionne pas","Service clientale","2020-03-14"
"825","Problème de logiciel","logiciel ne fonctionne pas","Service logistique","2020-03-14"
"826","Problème de logiciel","logiciel ne fonctionne pas","Service informatique","2019-12-21"
"827","Problème de sécurité","sécurité ne fonctionne pas","Service logistique","2021-05-01"
"828","Problème de climatisation","climatisation ne fonctionne pas","Service clientale","2023-01-31"
"829","Problème de téléphone","téléphone ne fonctionne pas","Service informatique","2020-11-11"
"830","Problème de livraison","livraison ne fonctionne pas","Service clientale","2020-03-14"
"831","Problème de téléphone","téléphone ne fonctionne pas","Service logistique","2023-01-31"
"832","Problème de sécurité","sécurité ne fonctionne pas","Service informatique","2019-12-21"
"833","Problème de connexion","connexion ne fonctionne pas","Service logistique","2019-12-21"
"834","Problème de logiciel","logiciel ne fonctionne pas","Service logistique","2019-12-21"
"835","Problème de sécurité","sécurité ne fonctionne pas","Service logistique","2022-08-09"
"836","Problème de connexion","connexion ne fonctionne pas","Service logistique","2020-11-11"
"837","Problème de climatisation","climatisation ne fonctionne pas","Service technique","2020-03-14"
"838","Problème de connexion","connexion ne fonctionne pas","Service logistique","2019-12-21"
"839","Problème de connexion","connexion ne fonctionne pas","Service logistique","2020-11-11"
"840","Problème de livraison","livraison ne fonctionne pas","Service informatique","2021-05-01"
"841","Problème de climatisation","climatisation ne fonctionne pas","Service logistique","2022-08-09"
"842","Problème de livraison","livraison ne fonctionne pas","Service informatique","2021-05-01"
"843","Problème de climatisation","climatisation ne fonctionne pas","Service logistique","2020-11-11"
"844","Problème de sécurité","sécurité ne fonctionne pas","Service clientale","2022-08-09"
"845","Problème de climatisation","climatisation ne fonctionne pas","Service clientale","2020-03-14"
"846","Problème de livraison","livraison ne fonctionne pas","Service informatique","2020-03-14"
"847","Problème de logiciel","logiciel ne fonctionne pas","Service informatique","2021-05-01"
"848","Problème de climatisation","climatisation ne fonctionne pas","Service logistique","2022-08-09"
"849","Problème de sécurité","sécurité ne fonctionne pas","Service clientale","2023-01-31"
"850","Problème de connexion","connexion ne fonctionne pas","Service logistique","2022-08-09"
"851","Problème de livraison","livraison ne fonctionne pas","Service clientale","2022-08-09"
"852","Problème de climatisation","climatisation ne fonctionne pas","Service informatique","2023-01-31"
"853","Problème de téléphone","téléphone ne fonctionne pas","Service informatique","2019-12-21"
"854","Problème de téléphone","téléphone ne fonctionne pas","Service informatique","2021-05-01"
"855","Problème de connexion","connexion ne fonctionne pas","Service informatique","2023-01-31"
"856","Problème de téléphone","téléphone ne fonctionne pas","Service clientale","2022-08-09"
"857","Problème de logiciel","logiciel ne fonctionne pas","Service informatique","2023-01-31"
"858","Problème de sécurité","sécurité ne fonctionne pas","Service technique","2021-05-01"
"859","Problème de logiciel","logiciel ne fonctionne pas","Service logistique","2020-03-14"
"860","Problème de téléphone","téléphone ne fonctionne pas","Service logistique","2020-03-14"
"861","Problème de livraison","livraison ne fonctionne pas","Service informatique","2019-12-21"
"862","Problème de sécurité","sécurité ne fonctionne pas","Service logistique","2021-05-01"
"863","Problème de climatisation","climatisation ne fonctionne pas","Service technique","2022-08-09"
"864","Problème de climatisation","climatisation ne fonctionne pas","Service logistique","2020-11-11"
"865","Problème de livraison","livraison ne fonctionne pas","Service technique","2020-11-11"
"866","Problème de téléphone","téléphone ne fonctionne pas","Service informatique","2020-03-14"
"867","Problème de connexion","connexion ne fonctionne pas","Service clientale","2021-05-01"
"868","Problème de logiciel","logiciel ne fonctionne pas","Service logistique","2023-01-31"
"869","Problème de climatisation","climatisation ne fonctionne pas","Service logistique","2021-05-01"
"870","Problème de livraison","livraison ne fonctionne pas","Service clientale","2023-01-31"
"871","Problème de connexion","connexion ne fonctionne pas","Service technique","2019-12-21"
"872","Problème de téléphone","téléphone ne fonctionne pas","Service technique","2020-11-11"
"873","Problème de logiciel","logiciel ne fonctionne pas","Service logistique","2023-01-31"
"874","Problème de sécurité","sécurité ne fonctionne pas","Service technique","2020-03-14"
"875","Problème de connexion","connexion ne fonctionne pas","Service informatique","2019-12-21"
"876","Problème de climatisation","climatisation ne fonctionne pas","Service technique","2022-08-09"
"877","Problème de livraison","livraison ne fonctionne pas","Service technique","2022-08-09"
"878","Problème de climatisation","climatisation ne fonctionne pas","Service technique","2023-01-31"
"879","Problème de connexion","connexion ne fonctionne pas","Service technique","2019-12-21"
"880","Problème de climatisation","climatisation ne fonctionne pas","Service logistique","2019-12-21"
"881","Problème de téléphone","téléphone ne fonctionne pas","Service clientale","2020-11-11"
"882","Problème de téléphone","téléphone ne fonctionne pas","Service logistique","2021-05-01"
"883","Problème de sécurité","sécurité ne fonctionne pas","Service technique","2019-12-21"
"884","Problème de climatisation","climatisation ne fonctionne pas","Service logistique","2023-01-31"
"885","Problème de sécurité","sécurité ne fonctionne pas","Service logistique","2019-12-21"
"886","Problème de connexion","connexion ne fonctionne pas","Service clientale","2022-08-09"
"887","Problème de connexion","connexion ne fonctionne pas","Service informatique","2020-11-11"
"888","Problème de logiciel","logiciel ne fonctionne pas","Service clientale","2020-11-11"
"889","Problème de climatisation","climatisation ne fonctionne pas","Service technique","2023-01-31"
"890","Problème de climatisation","climatisation ne fonctionne pas","Service logistique","2021-05-01"
"891","Problème de sécurité","sécurité ne fonctionne pas","Service technique","2022-08-09"
"892","Problème de téléphone","téléphone ne fonctionne pas","Service logistique","2020-11-11"
"893","Problème de téléphone","téléphone ne fonctionne pas","Service clientale","2021-05-01"
"894","Problème de livraison","livraison ne fonctionne pas","Service clientale","2021-05-01"
"895","Problème de logiciel","logiciel ne fonctionne pas","Service informatique","2022-08-09"
"896","Problème de logiciel","logiciel ne fonctionne pas","Service clientale","2022-08-09"
"897","Problème de téléphone","téléphone ne fonctionne pas","Service informatique","2023-01-31"
"898","Problème de climatisation","climatisation ne fonctionne pas","Service logistique","2019-12-21"
"899","Problème de sécurité","sécurité ne fonctionne pas","Service clientale","2020-03-14"
"900","Problème de sécurité","sécurité ne fonctionne pas","Service technique","2021-05-01"
"901","Problème de sécurité","sécurité ne fonctionne pas","Service technique","2020-11-11"
"902","Problème de téléphone","téléphone ne fonctionne pas","Service logistique","2021-05-01"
"903","Problème de livraison","livraison ne fonctionne pas","Service logistique","2020-11-11"
"904","Problème de livraison","livraison ne fonctionne pas","Service informatique","2020-11-11"
"905","Problème de téléphone","téléphone ne fonctionne pas","Service technique","2022-08-09"
"906","Problème de sécurité","sécurité ne fonctionne pas","Service informatique","2023-01-31"
"907","Problème de connexion","connexion ne fonctionne pas","Service clientale","2021-05-01"
"908","Problème de climatisation","climatisation ne fonctionne pas","Service technique","2019-12-21"
"909","Problème de connexion","connexion ne fonctionne pas","Service logistique","2022-08-09"
"910","Problème de sécurité","sécurité ne fonctionne pas","Service clientale","2019-12-21"
"911","Problème de connexion","connexion ne fonctionne pas","Service clientale","2021-05-01"
"912","Problème de climatisation","climatisation ne fonctionne pas","Service informatique","2020-11-11"
"913","Problème de connexion","connexion ne fonctionne pas","Service logistique","2020-03-14"
"914","Problème de livraison","livraison ne fonctionne pas","Service informatique","2021-05-01"
"915","Problème de sécurité","sécurité ne fonctionne pas","Service clientale","2023-01-31"
"916","Problème de livraison","livraison ne fonctionne pas","Service informatique","2019-12-21"
"917","Problème de livraison","livraison ne fonctionne pas","Service clientale","2019-12-21"
"918","Problème de climatisation","climatisation ne fonctionne pas","Service clientale","2020-03-14"
"919","Problème de logiciel","logiciel ne fonctionne pas","Service logistique","2023-01-31"
"920","Problème de sécurité","sécurité ne fonctionne pas","Service informatique","2019-12-21"
"921","Problème de livraison","livraison ne fonctionne pas","Service logistique","2020-03-14"
"922","Problème de connexion","connexion ne fonctionne pas","Service informatique","2020-11-11"
"923","Problème de connexion","connexion ne fonctionne pas","Service logistique","2019-12-21"
"924","Problème de téléphone","téléphone ne fonctionne pas","Service clientale","2019-12-21"
"925","Problème de téléphone","téléphone ne fonctionne pas","Service technique","2020-03-14"
"926","Problème de logiciel","logiciel ne fonctionne pas","Service informatique","2021-05-01"
"927","Problème de connexion","connexion ne fonctionne pas","Service logistique","2019-12-21"
"928","Problème de livraison","livraison ne fonctionne pas","Service technique","2020-11-11"
"929","Problème de climatisation","climatisation ne fonctionne pas","Service informatique","2020-11-11"
"930","Problème de connexion","connexion ne fonctionne pas","Service technique","2019-12-21"
"931","Problème de logiciel","logiciel ne fonctionne pas","Service technique","2021-05-01"
"932","Problème de sécurité","sécurité ne fonctionne pas","Service informatique","2023-01-31"
"933","Problème de sécurité","sécurité ne fonctionne pas","Service clientale","2021-05-01"
"934","Problème de sécurité","sécurité ne fonctionne pas","Service clientale","2020-03-14"
"935","Problème de connexion","connexion ne fonctionne pas","Service technique","2023-01-31"
"936","Problème de livraison","livraison ne fonctionne pas","Service technique","2019-12-21"
"937","Problème de connexion","connexion ne fonctionne pas","Service technique","2021-05-01"
"938","Problème de téléphone","téléphone ne fonctionne pas","Service informatique","2020-11-11"
"939","Problème de livraison","livraison ne fonctionne pas","Service clientale","2021-05-01"
"940","Problème de logiciel","logiciel ne fonctionne pas","Service technique","2020-11-11"
"941","Problème de sécurité","sécurité ne fonctionne pas","Service logistique","2023-01-31"
"942","Problème de logiciel","logiciel ne fonctionne pas","Service clientale","2022-08-09"
"943","Problème de sécurité","sécurité ne fonctionne pas","Service technique","2020-03-14"
"944","Problème de livraison","livraison ne fonctionne pas","Service logistique","2020-03-14"
"945","Problème de téléphone","téléphone ne fonctionne pas","Service technique","2020-11-11"
"946","Problème de sécurité","sécurité ne fonctionne pas","Service clientale","2020-03-14"
"947","Problème de livraison","livraison ne fonctionne pas","Service technique","2022-08-09"
"948","Problème de logiciel","logiciel ne fonctionne pas","Service clientale","2023-01-31"
"949","Problème de logiciel","logiciel ne fonctionne pas","Service technique","2019-12-21"
"950","Problème de climatisation","climatisation ne fonctionne pas","Service technique","2020-11-11"
"951","Problème de sécurité","sécurité ne fonctionne pas","Service technique","2019-12-21"
"952","Problème de livraison","livraison ne fonctionne pas","Service logistique","2023-01-31"
"953","Problème de livraison","livraison ne fonctionne pas","Service logistique","2019-12-21"
"954","Problème de livraison","livraison ne fonctionne pas","Service informatique","2019-12-21"
"955","Problème de téléphone","téléphone ne fonctionne pas","Service technique","2020-11-11"
"956","Problème de connexion","connexion ne fonctionne pas","Service logistique","2019-12-21"
"957","Problème de climatisation","climatisation ne fonctionne pas","Service informatique","2022-08-09"
"958","Problème de connexion","connexion ne fonctionne pas","Service informatique","2021-05-01"
"959","Problème de téléphone","téléphone ne fonctionne pas","Service clientale","2019-12-21"
"960","Problème de téléphone","téléphone ne fonctionne pas","Service technique","2022-08-09"
"961","Problème de téléphone","téléphone ne fonctionne pas","Service logistique","2021-05-01"
"962","Problème de connexion","connexion ne fonctionne pas","Service technique","2020-11-11"
"963","Problème de livraison","livraison ne fonctionne pas","Service informatique","2022-08-09"
"964","Problème de climatisation","climatisation ne fonctionne pas","Service clientale","2020-03-14"
"965","Problème de sécurité","sécurité ne fonctionne pas","Service technique","2020-03-14"
"966","Problème de livraison","livraison ne fonctionne pas","Service logistique","2021-05-01"
"967","Problème de téléphone","téléphone ne fonctionne pas","Service logistique","2021-05-01"
"968","Problème de climatisation","climatisation ne fonctionne pas","Service technique","2021-05-01"
"969","Problème de climatisation","climatisation ne fonctionne pas","Service technique","2019-12-21"
"970","Problème de téléphone","téléphone ne fonctionne pas","Service informatique","2020-11-11"
"971","Problème de climatisation","climatisation ne fonctionne pas","Service clientale","2020-11-11"
"972","Problème de téléphone","téléphone ne fonctionne pas","Service informatique","2020-03-14"
"973","Problème de livraison","livraison ne fonctionne pas","Service logistique","2021-05-01"
"974","Problème de logiciel","logiciel ne fonctionne pas","Service informatique","2020-11-11"
"975","Problème de téléphone","téléphone ne fonctionne pas","Service clientale","2020-03-14"
"976","Problème de climatisation","climatisation ne fonctionne pas","Service technique","2021-05-01"
"977","Problème de téléphone","téléphone ne fonctionne pas","Service logistique","2019-12-21"
"978","Problème de connexion","connexion ne fonctionne pas","Service logistique","2019-12-21"
"979","Problème de sécurité","sécurité ne fonctionne pas","Service technique","2022-08-09"
"980","Problème de livraison","livraison ne fonctionne pas","Service clientale","2020-11-11"
"981","Problème de téléphone","téléphone ne fonctionne pas","Service informatique","2019-12-21"
"982","Problème de livraison","livraison ne fonctionne pas","Service clientale","2021-05-01"
"983","Problème de connexion","connexion ne fonctionne pas","Service informatique","2021-05-01"
"984","Problème de livraison","livraison ne fonctionne pas","Service clientale","2019-12-21"
"985","Problème de téléphone","téléphone ne fonctionne pas","Service clientale","2021-05-01"
"986","Problème de climatisation","climatisation ne fonctionne pas","Service clientale","2019-12-21"
"987","Problème de livraison","livraison ne fonctionne pas","Service clientale","2020-11-11"
"988","Problème de connexion","connexion ne fonctionne pas","Service clientale","2022-08-09"
"989","Problème de connexion","connexion ne fonctionne pas","Service clientale","2022-08-09"
"990","Problème de connexion","connexion ne fonctionne pas","Service clientale","2022-08-09"
"991","Problème de climatisation","climatisation ne fonctionne pas","Service informatique","2022-08-09"
"992","Problème de livraison","livraison ne fonctionne pas","Service logistique","2023-01-31"
"993","Problème de sécurité","sécurité ne fonctionne pas","Service informatique","2023-01-31"
"994","Problème de sécurité","sécurité ne fonctionne pas","Service informatique","2023-01-31"
"995","Problème de téléphone","téléphone ne fonctionne pas","Service clientale","2020-11-11"
"996","Problème de téléphone","téléphone ne fonctionne pas","Service technique","2020-11-11"
"997","Problème de connexion","connexion ne fonctionne pas","Service logistique","2019-12-21"
"998","Problème de connexion","connexion ne fonctionne pas","Service logistique","2023-01-31"
"999","Problème de connexion","connexion ne fonctionne pas","Service informatique","2020-11-11"
"1000","Problème de téléphone","téléphone ne fonctionne pas","Service logistique","2020-11-11"
